text,label
"Lately, There is a deep sense of worthless.",depression
I feel so sad and worthless,depression
I have lost interest in depressed...,depression
I think I am feeling very lonely these days right now.,depression
I feel lonely and hopeless about the future to be honest.,depression
I feel miserable and hopeless about the future...,depression
"Honestly, I constantly feel worthless and tired man.",depression
"Lately, It's hard to get out of bed because I feel numb",depression
I feel depressed and hopeless about the future...,depression
"Lately, I constantly feel lonely and tired",depression
It's hard to get out of bed because I feel depressed...,depression
There is a deep sense of depressed,depression
I think It's hard to get out of bed because I feel gloomy.,depression
I think I have been feeling numb for weeks,depression
"Honestly, I constantly feel empty and tired.",depression
"Honestly, Everything feels so miserable right now.",depression
There is a deep sense of exhausted,depression
I feel sad and hopeless about the future man.,depression
"Honestly, I constantly feel miserable and tired.",depression
I have been feeling worthless for weeks...,depression
"Lately, It's hard to get out of bed because I feel gloomy.",depression
I feel down and hopeless about the future...,depression
"Lately, Everything feels so down to be honest.",depression
"Honestly, It's hard to get out of bed because I feel down to be honest.",depression
Everything feels so sad.,depression
It's hard to get out of bed because I feel miserable to be honest.,depression
"Lately, I feel hopeless and hopeless about the future",depression
It's hard to get out of bed because I feel lonely...,depression
I think I am exhausted to be honest.,depression
I am feeling very gloomy these days,depression
I have lost interest in gloomy.,depression
I constantly feel sad and tired...,depression
"Honestly, I feel numb and hopeless about the future right now.",depression
It's hard to get out of bed because I feel exhausted right now.,depression
"Honestly, I have been feeling hopeless for weeks",depression
"Honestly, I constantly feel lonely and tired.",depression
I think I am numb.,depression
It's hard to get out of bed because I feel gloomy,depression
I think I am feeling very empty these days,depression
I think I feel so sad and sad,depression
I am feeling very lonely these days,depression
There is a deep sense of lonely right now.,depression
"Lately, I am gloomy to be honest.",depression
There is a deep sense of empty man.,depression
"Honestly, I have been feeling hopeless for weeks.",depression
"Honestly, I feel so sad and exhausted to be honest.",depression
I think It's hard to get out of bed because I feel sad to be honest.,depression
I think I have been feeling down for weeks man.,depression
I think I constantly feel hopeless and tired to be honest.,depression
"Lately, I feel so sad and hopeless...",depression
"Honestly, I feel so sad and miserable",depression
"Honestly, I have been feeling worthless for weeks",depression
Everything feels so gloomy,depression
"Lately, It's hard to get out of bed because I feel gloomy",depression
"Lately, Everything feels so numb man.",depression
Everything feels so down right now.,depression
"Honestly, It's hard to get out of bed because I feel lonely to be honest.",depression
I feel depressed and hopeless about the future man.,depression
"Lately, Everything feels so empty...",depression
I feel so sad and numb,depression
"Lately, I feel lonely and hopeless about the future...",depression
"Lately, There is a deep sense of miserable right now.",depression
"Honestly, I constantly feel exhausted and tired",depression
I feel sad and hopeless about the future,depression
There is a deep sense of depressed man.,depression
There is a deep sense of lonely right now.,depression
I am feeling very gloomy these days man.,depression
I have been feeling sad for weeks.,depression
I feel exhausted and hopeless about the future,depression
I am feeling very hopeless these days to be honest.,depression
I feel empty and hopeless about the future,depression
I feel miserable and hopeless about the future...,depression
"Lately, I feel numb and hopeless about the future",depression
There is a deep sense of numb,depression
I think I feel depressed and hopeless about the future,depression
It's hard to get out of bed because I feel sad to be honest.,depression
I feel worthless and hopeless about the future,depression
"Honestly, I have lost interest in depressed to be honest.",depression
I think I feel so sad and sad.,depression
"Lately, I constantly feel miserable and tired to be honest.",depression
"Lately, I feel so sad and hopeless...",depression
I think It's hard to get out of bed because I feel hopeless,depression
"Lately, I have been feeling numb for weeks",depression
I feel sad and hopeless about the future.,depression
It's hard to get out of bed because I feel depressed right now.,depression
I constantly feel hopeless and tired to be honest.,depression
I feel gloomy and hopeless about the future right now.,depression
Everything feels so miserable,depression
I constantly feel worthless and tired right now.,depression
I have been feeling gloomy for weeks right now.,depression
I think It's hard to get out of bed because I feel miserable...,depression
I have lost interest in hopeless right now.,depression
"Lately, I have been feeling worthless for weeks",depression
I have lost interest in gloomy,depression
I think I feel so sad and empty.,depression
I constantly feel hopeless and tired,depression
"Lately, I constantly feel lonely and tired to be honest.",depression
"Lately, I am depressed",depression
"Honestly, I have been feeling gloomy for weeks man.",depression
I constantly feel empty and tired,depression
I am worthless,depression
I feel worthless and hopeless about the future,depression
I feel so sad and sad.,depression
I am hopeless...,depression
"Lately, I have lost interest in sad",depression
I think I have lost interest in depressed.,depression
I have been feeling lonely for weeks...,depression
I feel numb and hopeless about the future right now.,depression
I think I feel gloomy and hopeless about the future man.,depression
Everything feels so empty,depression
"Honestly, There is a deep sense of numb",depression
I have been feeling empty for weeks right now.,depression
There is a deep sense of depressed,depression
"Honestly, There is a deep sense of worthless...",depression
"Honestly, I have lost interest in gloomy",depression
It's hard to get out of bed because I feel exhausted to be honest.,depression
I have been feeling exhausted for weeks to be honest.,depression
I think I feel so sad and empty,depression
"Honestly, I feel so sad and hopeless",depression
I think I am miserable right now.,depression
"Honestly, I feel hopeless and hopeless about the future...",depression
"Lately, Everything feels so exhausted...",depression
"Honestly, I have been feeling numb for weeks to be honest.",depression
I am exhausted...,depression
I constantly feel gloomy and tired...,depression
"Honestly, I constantly feel depressed and tired",depression
"Honestly, I have lost interest in lonely right now.",depression
"Honestly, I am feeling very down these days man.",depression
It's hard to get out of bed because I feel down right now.,depression
I feel so sad and exhausted to be honest.,depression
I feel so sad and hopeless to be honest.,depression
I feel gloomy and hopeless about the future to be honest.,depression
Everything feels so worthless,depression
I have been feeling lonely for weeks,depression
I think I feel depressed and hopeless about the future,depression
I think I constantly feel numb and tired,depression
I feel hopeless and hopeless about the future man.,depression
I have lost interest in hopeless,depression
There is a deep sense of down.,depression
I think I feel gloomy and hopeless about the future.,depression
I feel so sad and miserable,depression
I am miserable.,depression
"Lately, I am miserable man.",depression
"Lately, I feel so sad and down man.",depression
I think I feel empty and hopeless about the future to be honest.,depression
"Honestly, Everything feels so miserable",depression
I think I feel gloomy and hopeless about the future,depression
"Honestly, I feel so sad and gloomy to be honest.",depression
Everything feels so exhausted,depression
I have been feeling exhausted for weeks man.,depression
There is a deep sense of worthless man.,depression
I think There is a deep sense of sad man.,depression
"Lately, I feel so sad and numb...",depression
"Lately, I feel so sad and lonely...",depression
"Lately, I have lost interest in down",depression
I feel sad and hopeless about the future to be honest.,depression
I think Everything feels so worthless.,depression
"Honestly, I feel so sad and down",depression
I think I feel so sad and down right now.,depression
I think I constantly feel hopeless and tired to be honest.,depression
I feel worthless and hopeless about the future,depression
"Lately, I have been feeling depressed for weeks to be honest.",depression
"Honestly, I feel so sad and numb...",depression
"Honestly, It's hard to get out of bed because I feel miserable...",depression
"Honestly, I have been feeling down for weeks.",depression
I think Everything feels so hopeless to be honest.,depression
"Lately, I constantly feel depressed and tired to be honest.",depression
I constantly feel worthless and tired,depression
I am lonely to be honest.,depression
There is a deep sense of lonely,depression
"Lately, Everything feels so gloomy.",depression
I feel so sad and lonely,depression
I think I have lost interest in depressed,depression
I have been feeling miserable for weeks man.,depression
It's hard to get out of bed because I feel depressed man.,depression
I feel so sad and lonely,depression
I have lost interest in lonely man.,depression
I think It's hard to get out of bed because I feel numb...,depression
"Lately, I feel so sad and depressed.",depression
I have been feeling miserable for weeks man.,depression
"Honestly, I have lost interest in hopeless.",depression
Everything feels so hopeless.,depression
I am down...,depression
"Honestly, I have lost interest in down to be honest.",depression
It's hard to get out of bed because I feel depressed right now.,depression
"Honestly, I have lost interest in exhausted to be honest.",depression
I am feeling very worthless these days,depression
"Honestly, I am hopeless.",depression
I am feeling very miserable these days.,depression
I think I am miserable,depression
I am numb to be honest.,depression
I am feeling very down these days,depression
It's hard to get out of bed because I feel lonely,depression
"Honestly, I am miserable man.",depression
"Lately, There is a deep sense of sad right now.",depression
I am feeling very empty these days.,depression
There is a deep sense of numb right now.,depression
I think I have lost interest in numb right now.,depression
I feel miserable and hopeless about the future right now.,depression
I think I have lost interest in hopeless to be honest.,depression
I am feeling very gloomy these days,depression
"Lately, It's hard to get out of bed because I feel sad right now.",depression
I feel down and hopeless about the future,depression
I think I have been feeling exhausted for weeks right now.,depression
I am down right now.,depression
I feel exhausted and hopeless about the future,depression
I have been feeling lonely for weeks,depression
There is a deep sense of depressed...,depression
I feel miserable and hopeless about the future...,depression
I feel hopeless and hopeless about the future to be honest.,depression
"Lately, I am miserable.",depression
"Honestly, I am feeling very exhausted these days.",depression
"Honestly, I have been feeling worthless for weeks man.",depression
"Honestly, I have been feeling down for weeks...",depression
I feel so sad and lonely,depression
"Lately, I have been feeling lonely for weeks...",depression
I have lost interest in sad,depression
"Honestly, I have lost interest in sad.",depression
I feel depressed and hopeless about the future...,depression
I feel so sad and lonely man.,depression
I think I have lost interest in lonely.,depression
I think Everything feels so sad,depression
"Honestly, I feel so sad and sad.",depression
I think I am feeling very exhausted these days,depression
I constantly feel gloomy and tired right now.,depression
I have been feeling sad for weeks right now.,depression
"Lately, I am feeling very hopeless these days",depression
I think I constantly feel miserable and tired,depression
I feel worthless and hopeless about the future,depression
I constantly feel gloomy and tired to be honest.,depression
I think I am sad,depression
I think I have been feeling worthless for weeks to be honest.,depression
"Honestly, I have been feeling depressed for weeks...",depression
I am worthless,depression
I think I feel so sad and down,depression
"Lately, I am numb",depression
It's hard to get out of bed because I feel down right now.,depression
"Lately, I constantly feel empty and tired man.",depression
Everything feels so worthless,depression
"Honestly, I feel so sad and empty man.",depression
There is a deep sense of down.,depression
"Honestly, I constantly feel worthless and tired right now.",depression
I feel lonely and hopeless about the future right now.,depression
I am feeling very down these days,depression
I am worthless...,depression
I am down.,depression
I have lost interest in sad man.,depression
Everything feels so empty right now.,depression
"Lately, Everything feels so empty to be honest.",depression
It's hard to get out of bed because I feel worthless to be honest.,depression
I think I have lost interest in miserable man.,depression
"Lately, I constantly feel down and tired right now.",depression
I feel empty and hopeless about the future,depression
I am feeling very exhausted these days man.,depression
I feel so sad and empty,depression
"Lately, I am sad to be honest.",depression
There is a deep sense of exhausted,depression
"Honestly, I feel numb and hopeless about the future...",depression
Everything feels so hopeless,depression
I think I constantly feel miserable and tired...,depression
"Honestly, Everything feels so lonely...",depression
"Honestly, I feel numb and hopeless about the future right now.",depression
I feel so sad and down right now.,depression
I have lost interest in hopeless...,depression
I think I constantly feel worthless and tired man.,depression
I think I feel numb and hopeless about the future.,depression
"Lately, There is a deep sense of empty.",depression
I have lost interest in lonely man.,depression
"Honestly, I am feeling very lonely these days.",depression
I think It's hard to get out of bed because I feel worthless.,depression
"Honestly, I am down",depression
There is a deep sense of miserable.,depression
I am miserable man.,depression
"Lately, I feel so sad and down to be honest.",depression
Everything feels so down.,depression
"Lately, I constantly feel sad and tired to be honest.",depression
I constantly feel empty and tired,depression
"Honestly, I constantly feel empty and tired...",depression
"Lately, I feel so sad and gloomy...",depression
"Honestly, It's hard to get out of bed because I feel gloomy...",depression
"Honestly, I am feeling very exhausted these days...",depression
I think I feel so sad and sad to be honest.,depression
There is a deep sense of down right now.,depression
"Lately, I am sad.",depression
I have lost interest in miserable to be honest.,depression
I think I feel so sad and sad.,depression
I think There is a deep sense of gloomy man.,depression
I think I feel so sad and down to be honest.,depression
I think I am numb right now.,depression
I feel so sad and miserable right now.,depression
I feel so sad and hopeless...,depression
I am feeling very hopeless these days right now.,depression
"Honestly, I am worthless",depression
I have been feeling lonely for weeks right now.,depression
I am numb,depression
"Honestly, I constantly feel numb and tired man.",depression
There is a deep sense of empty to be honest.,depression
I think Everything feels so empty to be honest.,depression
I feel worthless and hopeless about the future man.,depression
I feel lonely and hopeless about the future,depression
I feel down and hopeless about the future right now.,depression
I think I have been feeling gloomy for weeks man.,depression
"Lately, I am depressed man.",depression
I have lost interest in gloomy.,depression
"Lately, I feel so sad and sad right now.",depression
I have been feeling worthless for weeks,depression
I think There is a deep sense of hopeless right now.,depression
"Honestly, It's hard to get out of bed because I feel gloomy",depression
I think There is a deep sense of down.,depression
"Honestly, I am feeling very hopeless these days",depression
"Honestly, I am feeling very exhausted these days",depression
I feel hopeless and hopeless about the future right now.,depression
"Honestly, I have been feeling down for weeks...",depression
"Lately, Everything feels so hopeless to be honest.",depression
I have lost interest in exhausted man.,depression
I am worthless to be honest.,depression
I think I have lost interest in sad right now.,depression
I am empty man.,depression
"Honestly, I am lonely",depression
"Honestly, I have lost interest in lonely to be honest.",depression
I constantly feel lonely and tired.,depression
I think There is a deep sense of miserable.,depression
"Honestly, I am feeling very exhausted these days to be honest.",depression
I feel sad and hopeless about the future,depression
I think I am depressed...,depression
I think I am depressed...,depression
I think I constantly feel depressed and tired right now.,depression
"Lately, I am feeling very sad these days man.",depression
I have been feeling gloomy for weeks,depression
"Honestly, I feel so sad and gloomy",depression
I constantly feel sad and tired right now.,depression
"Honestly, I feel so sad and miserable to be honest.",depression
"Honestly, I have lost interest in down...",depression
I think I feel numb and hopeless about the future to be honest.,depression
I have lost interest in lonely to be honest.,depression
"Lately, I constantly feel miserable and tired...",depression
I think I constantly feel miserable and tired right now.,depression
There is a deep sense of miserable to be honest.,depression
"Honestly, It's hard to get out of bed because I feel worthless right now.",depression
"Honestly, I feel so sad and sad...",depression
"Lately, I feel miserable and hopeless about the future right now.",depression
"Honestly, I constantly feel hopeless and tired...",depression
"Honestly, I am feeling very depressed these days right now.",depression
"Lately, Everything feels so gloomy.",depression
I think Everything feels so miserable...,depression
I have been feeling depressed for weeks,depression
I think It's hard to get out of bed because I feel hopeless,depression
I think Everything feels so lonely right now.,depression
I have lost interest in lonely...,depression
"Lately, I constantly feel miserable and tired...",depression
There is a deep sense of worthless.,depression
I think Everything feels so depressed,depression
I think I feel so sad and hopeless.,depression
"Honestly, I have been feeling lonely for weeks to be honest.",depression
I have lost interest in gloomy to be honest.,depression
I am feeling very gloomy these days right now.,depression
"Honestly, There is a deep sense of down",depression
I think I feel so sad and depressed,depression
"Lately, I feel depressed and hopeless about the future",depression
I think I constantly feel miserable and tired,depression
"Lately, There is a deep sense of gloomy man.",depression
I have been feeling numb for weeks,depression
I think It's hard to get out of bed because I feel lonely...,depression
"Honestly, I feel so sad and hopeless right now.",depression
I think I am lonely to be honest.,depression
I am feeling very worthless these days.,depression
I feel so sad and miserable.,depression
"Honestly, I have lost interest in gloomy to be honest.",depression
I think I am worthless right now.,depression
"Honestly, I am sad right now.",depression
"Lately, Everything feels so depressed.",depression
"Lately, I am feeling very depressed these days.",depression
I am feeling very lonely these days man.,depression
I am depressed.,depression
Everything feels so depressed right now.,depression
"Honestly, I am sad to be honest.",depression
I think I have been feeling lonely for weeks to be honest.,depression
"Honestly, I feel worthless and hopeless about the future",depression
I think Everything feels so sad man.,depression
I have been feeling sad for weeks right now.,depression
"Lately, There is a deep sense of hopeless.",depression
"Lately, I have lost interest in worthless",depression
I have been feeling worthless for weeks right now.,depression
It's hard to get out of bed because I feel sad right now.,depression
I have been feeling empty for weeks,depression
There is a deep sense of sad,depression
"Lately, I have lost interest in exhausted...",depression
"Lately, Everything feels so sad man.",depression
"Honestly, It's hard to get out of bed because I feel empty...",depression
I constantly feel gloomy and tired...,depression
I feel so sad and lonely man.,depression
"Lately, I feel so sad and sad man.",depression
"Honestly, I feel worthless and hopeless about the future.",depression
I think I am feeling very depressed these days...,depression
I think I feel sad and hopeless about the future.,depression
"Lately, I feel empty and hopeless about the future right now.",depression
I think I feel so sad and worthless,depression
I feel so sad and down man.,depression
"Lately, I feel down and hopeless about the future to be honest.",depression
There is a deep sense of gloomy man.,depression
"Honestly, I get restless for no reason to be honest.",anxiety
"Lately, I feel worrying about everything man.",anxiety
"Honestly, I am always nervous to be honest.",anxiety
I get anxious for no reason,anxiety
I think I feel extremely panicked,anxiety
"Honestly, I am constantly restless and on edge",anxiety
I think I feel extremely nervous,anxiety
My heart races and I feel restless man.,anxiety
"Lately, I am constantly scared and on edge",anxiety
"Honestly, I feel extremely uneasy man.",anxiety
I suffer from fearful and panic attacks to be honest.,anxiety
I get terrified for no reason,anxiety
I think I can't stop panicked,anxiety
"Lately, I have a lot of worried and fear right now.",anxiety
I am constantly fearful and on edge to be honest.,anxiety
I feel nervous about everything right now.,anxiety
I think I am always uneasy,anxiety
I get nervous for no reason...,anxiety
I feel extremely scared right now.,anxiety
I think I feel extremely uneasy,anxiety
"Lately, I am constantly terrified and on edge",anxiety
I feel extremely terrified...,anxiety
I feel extremely fearful to be honest.,anxiety
"Lately, I have a lot of uneasy and fear.",anxiety
I think I am constantly uneasy and on edge right now.,anxiety
"Lately, I can't stop terrified to be honest.",anxiety
I think I feel terrified about everything man.,anxiety
I think My heart races and I feel scared...,anxiety
I have a lot of restless and fear...,anxiety
"Honestly, I feel scared about everything...",anxiety
"Lately, I feel nervous about everything to be honest.",anxiety
"Lately, I am always worrying right now.",anxiety
My heart races and I feel restless to be honest.,anxiety
I feel scared about everything.,anxiety
I feel uneasy about everything,anxiety
I have a lot of fearful and fear to be honest.,anxiety
"Honestly, I feel extremely scared right now.",anxiety
"Honestly, I feel extremely restless to be honest.",anxiety
I feel extremely worrying right now.,anxiety
"Honestly, I feel extremely anxious to be honest.",anxiety
I think I feel extremely panicked...,anxiety
I think My heart races and I feel restless...,anxiety
I feel extremely worrying man.,anxiety
I suffer from fearful and panic attacks.,anxiety
I feel panicked about everything to be honest.,anxiety
"Lately, I suffer from terrified and panic attacks man.",anxiety
I feel panicked about everything to be honest.,anxiety
"Lately, I am always worried",anxiety
I think I feel restless about everything...,anxiety
"Lately, I am always worrying.",anxiety
I suffer from restless and panic attacks...,anxiety
"Lately, I suffer from restless and panic attacks...",anxiety
I can't stop worrying man.,anxiety
"Honestly, I can't stop anxious right now.",anxiety
"Lately, I feel extremely worried to be honest.",anxiety
"Lately, My heart races and I feel worried.",anxiety
I think I feel fearful about everything man.,anxiety
I think I can't stop worried right now.,anxiety
I think I am constantly restless and on edge,anxiety
I feel extremely fearful.,anxiety
I think I am always uneasy to be honest.,anxiety
My heart races and I feel worrying.,anxiety
"Lately, I can't stop uneasy right now.",anxiety
I have a lot of worried and fear to be honest.,anxiety
I feel extremely uneasy...,anxiety
I am constantly scared and on edge,anxiety
I am constantly scared and on edge.,anxiety
I think I get terrified for no reason right now.,anxiety
I suffer from worried and panic attacks,anxiety
I suffer from worrying and panic attacks to be honest.,anxiety
"Honestly, I feel extremely worrying right now.",anxiety
I have a lot of worried and fear,anxiety
I think I am constantly fearful and on edge to be honest.,anxiety
I think I have a lot of panicked and fear man.,anxiety
I think I am always terrified,anxiety
"Honestly, I am always terrified right now.",anxiety
"Lately, I have a lot of terrified and fear man.",anxiety
"Lately, I get anxious for no reason",anxiety
"Lately, I am constantly anxious and on edge to be honest.",anxiety
I feel panicked about everything right now.,anxiety
I feel worrying about everything,anxiety
I suffer from scared and panic attacks,anxiety
I feel extremely fearful right now.,anxiety
My heart races and I feel worrying man.,anxiety
I think I am constantly restless and on edge,anxiety
"Honestly, I feel uneasy about everything",anxiety
"Lately, I am always nervous to be honest.",anxiety
I think I suffer from worried and panic attacks right now.,anxiety
"Honestly, I am always restless right now.",anxiety
"Lately, I have a lot of anxious and fear right now.",anxiety
"Lately, I suffer from fearful and panic attacks right now.",anxiety
"Lately, I am constantly restless and on edge to be honest.",anxiety
I am always uneasy to be honest.,anxiety
I suffer from scared and panic attacks.,anxiety
I suffer from fearful and panic attacks,anxiety
"Lately, I suffer from uneasy and panic attacks man.",anxiety
"Lately, I feel worrying about everything to be honest.",anxiety
"Honestly, I feel extremely panicked",anxiety
"Honestly, I have a lot of fearful and fear right now.",anxiety
I think I can't stop scared to be honest.,anxiety
I think I can't stop worrying,anxiety
I have a lot of worrying and fear.,anxiety
My heart races and I feel restless,anxiety
I am constantly nervous and on edge man.,anxiety
I feel worried about everything,anxiety
"Honestly, I have a lot of nervous and fear.",anxiety
I am always nervous.,anxiety
I think I feel extremely restless,anxiety
My heart races and I feel scared to be honest.,anxiety
I get worrying for no reason.,anxiety
I think I am always terrified,anxiety
"Lately, My heart races and I feel scared",anxiety
"Lately, I feel fearful about everything to be honest.",anxiety
"Lately, I can't stop anxious",anxiety
I think I can't stop terrified man.,anxiety
I think I am constantly anxious and on edge,anxiety
I get fearful for no reason man.,anxiety
I am always nervous,anxiety
I suffer from nervous and panic attacks,anxiety
I think I am always nervous,anxiety
I think I am always worrying man.,anxiety
"Honestly, I suffer from worrying and panic attacks.",anxiety
I have a lot of uneasy and fear man.,anxiety
I am constantly terrified and on edge,anxiety
I think I have a lot of terrified and fear right now.,anxiety
"Lately, My heart races and I feel fearful.",anxiety
"Honestly, I can't stop terrified to be honest.",anxiety
I think I can't stop worrying man.,anxiety
I think I feel extremely fearful.,anxiety
I am always anxious,anxiety
I am constantly fearful and on edge right now.,anxiety
I suffer from restless and panic attacks right now.,anxiety
I am always nervous,anxiety
I suffer from worrying and panic attacks right now.,anxiety
I am constantly worried and on edge man.,anxiety
My heart races and I feel worried.,anxiety
I am constantly scared and on edge.,anxiety
I can't stop fearful,anxiety
I am always fearful to be honest.,anxiety
I have a lot of panicked and fear,anxiety
"Honestly, I can't stop terrified",anxiety
"Honestly, I suffer from fearful and panic attacks",anxiety
I suffer from restless and panic attacks,anxiety
"Honestly, My heart races and I feel fearful man.",anxiety
My heart races and I feel scared...,anxiety
I think I feel panicked about everything...,anxiety
I get fearful for no reason to be honest.,anxiety
"Honestly, I feel extremely terrified.",anxiety
"Honestly, I feel restless about everything to be honest.",anxiety
"Lately, I am constantly uneasy and on edge.",anxiety
"Lately, I feel extremely scared",anxiety
"Lately, I am always uneasy",anxiety
I suffer from anxious and panic attacks to be honest.,anxiety
"Lately, I have a lot of fearful and fear...",anxiety
I think I am constantly scared and on edge right now.,anxiety
"Lately, I suffer from restless and panic attacks to be honest.",anxiety
I think I feel extremely terrified to be honest.,anxiety
I think I can't stop worrying,anxiety
My heart races and I feel scared right now.,anxiety
I feel restless about everything to be honest.,anxiety
I am always nervous...,anxiety
My heart races and I feel nervous,anxiety
I am constantly uneasy and on edge.,anxiety
I am always panicked right now.,anxiety
I suffer from worrying and panic attacks right now.,anxiety
I am constantly uneasy and on edge.,anxiety
I am constantly panicked and on edge.,anxiety
I feel extremely fearful...,anxiety
"Honestly, I am constantly anxious and on edge.",anxiety
I am always nervous.,anxiety
"Lately, I feel extremely fearful man.",anxiety
"Lately, I can't stop nervous to be honest.",anxiety
I am constantly worrying and on edge to be honest.,anxiety
I think I have a lot of restless and fear.,anxiety
I think I can't stop anxious right now.,anxiety
I get scared for no reason right now.,anxiety
I am constantly uneasy and on edge man.,anxiety
I think I suffer from terrified and panic attacks man.,anxiety
I am constantly uneasy and on edge right now.,anxiety
I get uneasy for no reason,anxiety
"Lately, I feel worried about everything man.",anxiety
I am constantly terrified and on edge right now.,anxiety
I think I am constantly panicked and on edge man.,anxiety
I think I suffer from fearful and panic attacks to be honest.,anxiety
"Lately, I am always worrying.",anxiety
"Honestly, I am always terrified.",anxiety
"Honestly, I get scared for no reason.",anxiety
"Honestly, I get scared for no reason...",anxiety
"Lately, I feel worried about everything man.",anxiety
"Honestly, I have a lot of worried and fear to be honest.",anxiety
"Honestly, I am constantly fearful and on edge...",anxiety
"Lately, My heart races and I feel panicked",anxiety
I feel extremely terrified to be honest.,anxiety
I feel panicked about everything man.,anxiety
"Lately, I feel restless about everything",anxiety
"Lately, I am always worried...",anxiety
My heart races and I feel terrified man.,anxiety
"Honestly, I am constantly restless and on edge right now.",anxiety
I feel nervous about everything to be honest.,anxiety
I feel extremely panicked to be honest.,anxiety
"Lately, I have a lot of anxious and fear.",anxiety
I think I am constantly nervous and on edge to be honest.,anxiety
I am always panicked,anxiety
I think I am constantly anxious and on edge.,anxiety
I think I have a lot of worrying and fear man.,anxiety
"Lately, My heart races and I feel anxious",anxiety
"Lately, I feel scared about everything right now.",anxiety
"Honestly, My heart races and I feel worried",anxiety
I think I have a lot of scared and fear.,anxiety
I have a lot of anxious and fear.,anxiety
I suffer from fearful and panic attacks.,anxiety
"Honestly, My heart races and I feel terrified man.",anxiety
"Honestly, I am constantly scared and on edge right now.",anxiety
I think I am constantly scared and on edge right now.,anxiety
My heart races and I feel uneasy to be honest.,anxiety
"Lately, I am always restless...",anxiety
I am constantly terrified and on edge,anxiety
I feel extremely scared,anxiety
"Lately, I am constantly terrified and on edge",anxiety
I feel anxious about everything,anxiety
I think I can't stop fearful man.,anxiety
My heart races and I feel fearful right now.,anxiety
I can't stop restless...,anxiety
I am always anxious.,anxiety
I am constantly fearful and on edge.,anxiety
I think I feel extremely worried right now.,anxiety
"Honestly, I suffer from terrified and panic attacks.",anxiety
I am constantly uneasy and on edge right now.,anxiety
I feel panicked about everything man.,anxiety
"Lately, I can't stop worrying",anxiety
I am always uneasy...,anxiety
"Lately, I suffer from scared and panic attacks to be honest.",anxiety
I think I suffer from worried and panic attacks to be honest.,anxiety
"Lately, I feel extremely anxious man.",anxiety
I have a lot of fearful and fear man.,anxiety
I think I get fearful for no reason,anxiety
I think I am always panicked,anxiety
I feel panicked about everything,anxiety
I feel extremely uneasy.,anxiety
I have a lot of restless and fear man.,anxiety
I have a lot of panicked and fear.,anxiety
I have a lot of fearful and fear to be honest.,anxiety
"Honestly, My heart races and I feel panicked",anxiety
"Honestly, I am constantly worrying and on edge right now.",anxiety
"Lately, I am constantly fearful and on edge to be honest.",anxiety
I am always nervous...,anxiety
I am always anxious,anxiety
I feel extremely scared man.,anxiety
I get uneasy for no reason man.,anxiety
"Honestly, I am constantly fearful and on edge.",anxiety
I feel worried about everything.,anxiety
I can't stop restless...,anxiety
"Honestly, I am constantly uneasy and on edge",anxiety
I feel fearful about everything right now.,anxiety
I think I feel nervous about everything to be honest.,anxiety
"Lately, I am constantly fearful and on edge man.",anxiety
I feel extremely nervous man.,anxiety
"Honestly, I feel worried about everything.",anxiety
"Lately, I have a lot of worrying and fear",anxiety
I can't stop anxious...,anxiety
I am always nervous.,anxiety
"Honestly, I feel extremely nervous man.",anxiety
I am constantly restless and on edge man.,anxiety
I think I feel fearful about everything right now.,anxiety
I can't stop uneasy man.,anxiety
I think I have a lot of fearful and fear,anxiety
I think I have a lot of nervous and fear.,anxiety
"Honestly, I suffer from worrying and panic attacks man.",anxiety
"Honestly, I have a lot of worried and fear.",anxiety
My heart races and I feel uneasy...,anxiety
I think I get uneasy for no reason to be honest.,anxiety
"Lately, I get restless for no reason",anxiety
I am constantly nervous and on edge...,anxiety
"Lately, I have a lot of worrying and fear",anxiety
I think I am constantly anxious and on edge...,anxiety
I feel worried about everything,anxiety
"Lately, I feel extremely anxious right now.",anxiety
I am always restless man.,anxiety
I think I get uneasy for no reason.,anxiety
I have a lot of anxious and fear right now.,anxiety
My heart races and I feel worrying man.,anxiety
"Honestly, I have a lot of scared and fear.",anxiety
I am always nervous...,anxiety
My heart races and I feel nervous man.,anxiety
My heart races and I feel scared to be honest.,anxiety
"Honestly, I feel extremely nervous.",anxiety
"Lately, I am always worrying",anxiety
I have a lot of worried and fear to be honest.,anxiety
I feel extremely fearful...,anxiety
I feel extremely anxious,anxiety
I feel restless about everything right now.,anxiety
"Lately, My heart races and I feel scared",anxiety
"Lately, I suffer from uneasy and panic attacks right now.",anxiety
I have a lot of worried and fear...,anxiety
I am always fearful man.,anxiety
"Lately, I am constantly worried and on edge man.",anxiety
I think I am always worrying...,anxiety
I have a lot of restless and fear,anxiety
"Lately, I get restless for no reason.",anxiety
I feel extremely worried to be honest.,anxiety
I am always terrified right now.,anxiety
I suffer from terrified and panic attacks,anxiety
I have a lot of worried and fear right now.,anxiety
I am constantly anxious and on edge.,anxiety
I am constantly worrying and on edge right now.,anxiety
"Honestly, My heart races and I feel fearful.",anxiety
"Honestly, I get worrying for no reason",anxiety
I have a lot of terrified and fear to be honest.,anxiety
"Honestly, My heart races and I feel scared",anxiety
I think I suffer from restless and panic attacks right now.,anxiety
"Honestly, I am always uneasy right now.",anxiety
I think I am always worrying man.,anxiety
I can't stop fearful man.,anxiety
I think I can't stop nervous man.,anxiety
I feel extremely anxious to be honest.,anxiety
I can't stop anxious right now.,anxiety
I am constantly panicked and on edge man.,anxiety
"Honestly, I am constantly terrified and on edge to be honest.",anxiety
I feel extremely panicked to be honest.,anxiety
"Lately, I am always worrying",anxiety
I can't stop uneasy right now.,anxiety
I am constantly uneasy and on edge.,anxiety
"Honestly, I suffer from restless and panic attacks man.",anxiety
I get worried for no reason right now.,anxiety
I think I feel extremely terrified.,anxiety
I am always uneasy right now.,anxiety
"Honestly, I suffer from panicked and panic attacks to be honest.",anxiety
I think I feel fearful about everything,anxiety
"Honestly, I get panicked for no reason...",anxiety
"Honestly, I get panicked for no reason right now.",anxiety
"Honestly, I am always terrified man.",anxiety
"Honestly, I can't stop anxious...",anxiety
I think I get worrying for no reason to be honest.,anxiety
I think I am constantly panicked and on edge,anxiety
"Honestly, I am constantly worrying and on edge man.",anxiety
I think I feel worried about everything.,anxiety
"Lately, My heart races and I feel scared to be honest.",anxiety
I have a lot of fearful and fear man.,anxiety
I feel extremely uneasy man.,anxiety
I am constantly scared and on edge...,anxiety
I think I can't stop fearful...,anxiety
I suffer from worrying and panic attacks to be honest.,anxiety
I am constantly nervous and on edge,anxiety
"Lately, I feel extremely restless...",anxiety
"Lately, My heart races and I feel terrified to be honest.",anxiety
"Honestly, I can't stop scared right now.",anxiety
"Lately, My heart races and I feel nervous",anxiety
I think I can't stop nervous,anxiety
I feel extremely nervous...,anxiety
"Honestly, I feel anxious about everything",anxiety
My heart races and I feel uneasy man.,anxiety
I can't stop terrified right now.,anxiety
I think I feel restless about everything.,anxiety
I feel extremely terrified,anxiety
I think I feel scared about everything,anxiety
I feel terrified about everything,anxiety
"Honestly, I have a lot of anxious and fear right now.",anxiety
I get worrying for no reason man.,anxiety
I get nervous for no reason,anxiety
I am constantly scared and on edge right now.,anxiety
I am constantly restless and on edge...,anxiety
I get anxious for no reason to be honest.,anxiety
I think I get fearful for no reason man.,anxiety
I have a lot of restless and fear to be honest.,anxiety
"Honestly, I feel uneasy about everything right now.",anxiety
I feel extremely anxious...,anxiety
"Honestly, I am always worried...",anxiety
"Honestly, I have a lot of terrified and fear",anxiety
"Honestly, I suffer from nervous and panic attacks",anxiety
I suffer from anxious and panic attacks to be honest.,anxiety
"Honestly, I am always worried",anxiety
I have a lot of fearful and fear to be honest.,anxiety
I think I suffer from panicked and panic attacks.,anxiety
I suffer from worrying and panic attacks,anxiety
"Lately, My heart races and I feel nervous...",anxiety
I am always anxious...,anxiety
I think I have a lot of worrying and fear,anxiety
"Lately, I am constantly worrying and on edge right now.",anxiety
"Lately, I suffer from worried and panic attacks right now.",anxiety
"Lately, I feel extremely worrying",anxiety
I can't stop fearful...,anxiety
"Lately, I am always terrified right now.",anxiety
"Lately, My heart races and I feel fearful right now.",anxiety
"Lately, I feel scared about everything",anxiety
I feel extremely terrified,anxiety
I feel restless about everything...,anxiety
I think I can't stop uneasy,anxiety
"Honestly, I am constantly worried and on edge right now.",anxiety
I think I get anxious for no reason to be honest.,anxiety
I get fearful for no reason man.,anxiety
I think I suffer from nervous and panic attacks...,anxiety
I suffer from anxious and panic attacks.,anxiety
"Lately, I get panicked for no reason",anxiety
I can't stop worrying right now.,anxiety
I get fearful for no reason right now.,anxiety
I think I have a lot of nervous and fear to be honest.,anxiety
"Lately, I suffer from worrying and panic attacks",anxiety
"Honestly, I feel worrying about everything man.",anxiety
"Honestly, I get worrying for no reason right now.",anxiety
"Lately, I have a lot of worried and fear",anxiety
"Honestly, I have too much hectic in my life.",stress
I am feeling extremely overwhelmed right now.,stress
I think I am feeling extremely demanding,stress
"Honestly, The pressure is stressed man.",stress
I think I have too much frustrating in my life,stress
My workload is exhausting,stress
I can't cope with this exhausting.,stress
Everything is very demanding man.,stress
"Lately, I am feeling extremely overwhelmed",stress
I think I am feeling extremely stressed man.,stress
I have too much demanding in my life man.,stress
I think My workload is pressured to be honest.,stress
"Honestly, I can't cope with this burdened to be honest.",stress
"Lately, I am feeling extremely stressed",stress
I think I feel frustrating because of exams right now.,stress
"Honestly, I am feeling extremely pressured...",stress
I think Everything is very stressed.,stress
I am dealing with frustrating man.,stress
I think I have too much hectic in my life,stress
The pressure is exhausting man.,stress
"Lately, My workload is frustrating",stress
I think The pressure is burdened,stress
I think The pressure is frustrating right now.,stress
I feel hectic because of exams,stress
I think The pressure is stressed.,stress
I am dealing with burdened to be honest.,stress
I can't cope with this hectic,stress
The pressure is hectic man.,stress
"Honestly, My workload is exhausting man.",stress
I am feeling extremely overwhelmed man.,stress
"Lately, I feel exhausting because of exams",stress
My workload is frustrating right now.,stress
I think I can't cope with this frustrating,stress
I am dealing with demanding...,stress
I think My workload is overwhelmed,stress
I feel hectic because of exams.,stress
"Lately, The pressure is tiring.",stress
My workload is frustrating right now.,stress
I feel demanding because of exams,stress
"Honestly, I feel exhausting because of exams man.",stress
"Lately, I can't cope with this exhausting...",stress
I can't cope with this frustrating man.,stress
Everything is very exhausting to be honest.,stress
I think I feel overwhelmed because of exams,stress
I feel tiring because of exams to be honest.,stress
I am dealing with overwhelmed,stress
I am feeling extremely hectic right now.,stress
Everything is very burdened man.,stress
The pressure is tiring to be honest.,stress
"Honestly, I have too much burdened in my life right now.",stress
I am dealing with demanding...,stress
"Honestly, I have too much burdened in my life.",stress
I think Everything is very hectic,stress
"Lately, I can't cope with this stressed man.",stress
Everything is very pressured right now.,stress
Everything is very burdened...,stress
"Lately, The pressure is overwhelmed right now.",stress
"Lately, I am feeling extremely stressed right now.",stress
I think My workload is hectic...,stress
I think I can't cope with this overwhelmed,stress
My workload is stressed right now.,stress
I am feeling extremely hectic...,stress
"Lately, My workload is pressured to be honest.",stress
"Honestly, Everything is very exhausting",stress
"Lately, I have too much demanding in my life",stress
I think The pressure is hectic...,stress
I think I am feeling extremely tiring man.,stress
I have too much overwhelmed in my life man.,stress
I think I am dealing with frustrating,stress
"Honestly, I have too much hectic in my life",stress
I think The pressure is exhausting.,stress
"Honestly, My workload is burdened to be honest.",stress
"Lately, The pressure is pressured man.",stress
"Lately, I feel pressured because of exams...",stress
My workload is exhausting...,stress
Everything is very demanding,stress
My workload is exhausting to be honest.,stress
I have too much frustrating in my life,stress
I can't cope with this demanding,stress
"Honestly, I have too much stressed in my life",stress
"Honestly, I feel exhausting because of exams...",stress
"Honestly, I am dealing with tiring man.",stress
I think I am dealing with burdened...,stress
"Honestly, Everything is very frustrating man.",stress
I can't cope with this stressed,stress
"Lately, Everything is very pressured to be honest.",stress
"Lately, The pressure is frustrating",stress
Everything is very demanding man.,stress
I am dealing with overwhelmed.,stress
"Lately, Everything is very exhausting right now.",stress
I think I am feeling extremely frustrating to be honest.,stress
"Lately, I can't cope with this frustrating.",stress
I am dealing with frustrating.,stress
The pressure is overwhelmed,stress
I am feeling extremely tiring.,stress
I can't cope with this tiring,stress
"Lately, I can't cope with this overwhelmed",stress
I think The pressure is overwhelmed,stress
I can't cope with this demanding man.,stress
"Honestly, I am feeling extremely exhausting.",stress
I have too much exhausting in my life man.,stress
"Honestly, My workload is frustrating man.",stress
I have too much exhausting in my life.,stress
I am dealing with stressed,stress
My workload is frustrating.,stress
I am feeling extremely hectic,stress
"Honestly, Everything is very tiring man.",stress
I think I am dealing with hectic to be honest.,stress
"Lately, I can't cope with this stressed to be honest.",stress
I think I am dealing with tiring.,stress
I am feeling extremely overwhelmed...,stress
"Lately, The pressure is stressed.",stress
I am dealing with pressured man.,stress
I think My workload is hectic.,stress
"Lately, I feel demanding because of exams",stress
"Lately, Everything is very burdened man.",stress
"Lately, I am feeling extremely frustrating...",stress
"Honestly, I am feeling extremely stressed",stress
Everything is very hectic man.,stress
I am dealing with demanding,stress
I think I can't cope with this tiring...,stress
My workload is stressed...,stress
I feel stressed because of exams,stress
"Honestly, Everything is very pressured right now.",stress
I am feeling extremely frustrating to be honest.,stress
"Lately, I can't cope with this tiring",stress
I think My workload is stressed,stress
My workload is burdened,stress
I think I can't cope with this exhausting man.,stress
"Lately, I can't cope with this stressed man.",stress
I can't cope with this frustrating,stress
"Lately, The pressure is hectic man.",stress
I can't cope with this frustrating to be honest.,stress
"Honestly, I have too much exhausting in my life right now.",stress
"Honestly, Everything is very frustrating right now.",stress
I have too much overwhelmed in my life man.,stress
My workload is hectic,stress
I am dealing with overwhelmed,stress
I am dealing with overwhelmed,stress
"Honestly, The pressure is pressured",stress
I think My workload is exhausting right now.,stress
I can't cope with this demanding right now.,stress
"Lately, I can't cope with this stressed",stress
I have too much exhausting in my life,stress
The pressure is stressed man.,stress
I think I feel demanding because of exams.,stress
"Lately, Everything is very hectic",stress
I feel hectic because of exams,stress
My workload is burdened to be honest.,stress
My workload is overwhelmed right now.,stress
"Lately, I am dealing with hectic",stress
I am feeling extremely tiring right now.,stress
The pressure is burdened right now.,stress
I feel overwhelmed because of exams right now.,stress
"Honestly, I am feeling extremely exhausting...",stress
Everything is very frustrating man.,stress
I think My workload is pressured,stress
I am dealing with burdened.,stress
Everything is very overwhelmed man.,stress
"Lately, I am feeling extremely exhausting...",stress
I have too much hectic in my life to be honest.,stress
My workload is frustrating...,stress
"Honestly, My workload is exhausting",stress
I am dealing with stressed,stress
"Honestly, I am feeling extremely pressured to be honest.",stress
"Honestly, Everything is very burdened to be honest.",stress
I have too much demanding in my life,stress
Everything is very stressed right now.,stress
I am dealing with hectic,stress
My workload is burdened,stress
My workload is exhausting man.,stress
I am feeling extremely demanding,stress
The pressure is pressured right now.,stress
"Lately, I can't cope with this pressured to be honest.",stress
I feel hectic because of exams...,stress
I think I can't cope with this demanding right now.,stress
"Lately, Everything is very burdened",stress
"Honestly, I have too much demanding in my life",stress
"Honestly, My workload is demanding",stress
"Lately, I feel hectic because of exams right now.",stress
I think My workload is stressed man.,stress
Everything is very overwhelmed right now.,stress
"Honestly, The pressure is overwhelmed man.",stress
"Honestly, Everything is very pressured right now.",stress
I feel tiring because of exams to be honest.,stress
Everything is very exhausting.,stress
I think I have too much demanding in my life,stress
Everything is very overwhelmed man.,stress
"Honestly, I am dealing with tiring to be honest.",stress
I have too much overwhelmed in my life,stress
"Honestly, I have too much exhausting in my life to be honest.",stress
I think I feel hectic because of exams...,stress
I am dealing with tiring to be honest.,stress
My workload is overwhelmed.,stress
I can't cope with this stressed.,stress
My workload is hectic right now.,stress
"Honestly, Everything is very hectic...",stress
I think The pressure is hectic to be honest.,stress
I think I am dealing with hectic,stress
I have too much demanding in my life right now.,stress
I am feeling extremely burdened to be honest.,stress
I think I have too much exhausting in my life.,stress
I have too much overwhelmed in my life...,stress
"Honestly, The pressure is pressured...",stress
My workload is stressed,stress
I think I have too much burdened in my life,stress
"Lately, The pressure is pressured",stress
"Honestly, I have too much stressed in my life to be honest.",stress
"Lately, The pressure is pressured right now.",stress
My workload is burdened man.,stress
The pressure is exhausting,stress
The pressure is frustrating to be honest.,stress
Everything is very overwhelmed,stress
Everything is very burdened man.,stress
I can't cope with this demanding,stress
"Lately, I am dealing with hectic right now.",stress
"Lately, I can't cope with this burdened.",stress
My workload is stressed.,stress
I think I have too much overwhelmed in my life.,stress
"Lately, I feel overwhelmed because of exams...",stress
The pressure is tiring right now.,stress
"Honestly, The pressure is stressed right now.",stress
I am feeling extremely pressured man.,stress
I am feeling extremely stressed man.,stress
I think I feel hectic because of exams,stress
I can't cope with this tiring...,stress
I am dealing with stressed man.,stress
I am feeling extremely tiring right now.,stress
My workload is hectic to be honest.,stress
Everything is very hectic...,stress
I think I am dealing with tiring man.,stress
"Lately, I can't cope with this demanding",stress
I think Everything is very pressured right now.,stress
"Lately, I am feeling extremely frustrating man.",stress
I can't cope with this hectic...,stress
I am feeling extremely demanding.,stress
I think My workload is hectic to be honest.,stress
I can't cope with this stressed,stress
I think I am dealing with exhausting.,stress
I am feeling extremely exhausting man.,stress
I am dealing with burdened man.,stress
My workload is overwhelmed to be honest.,stress
I am feeling extremely overwhelmed.,stress
"Honestly, I have too much demanding in my life right now.",stress
Everything is very exhausting,stress
I am dealing with pressured right now.,stress
"Lately, I feel overwhelmed because of exams",stress
I think I can't cope with this pressured man.,stress
My workload is hectic,stress
"Honestly, I am dealing with stressed man.",stress
"Honestly, I am feeling extremely frustrating man.",stress
"Lately, I am feeling extremely pressured man.",stress
I think I am feeling extremely demanding...,stress
The pressure is tiring,stress
Everything is very pressured.,stress
"Honestly, I feel demanding because of exams man.",stress
The pressure is exhausting right now.,stress
I am feeling extremely pressured to be honest.,stress
I think My workload is exhausting...,stress
I think I feel burdened because of exams right now.,stress
"Lately, I am dealing with hectic right now.",stress
"Lately, I feel hectic because of exams man.",stress
"Lately, I am feeling extremely exhausting man.",stress
"Lately, My workload is burdened...",stress
"Honestly, I am feeling extremely overwhelmed man.",stress
I feel stressed because of exams right now.,stress
My workload is tiring.,stress
I have too much stressed in my life man.,stress
I am feeling extremely hectic man.,stress
I feel overwhelmed because of exams...,stress
"Lately, Everything is very stressed",stress
"Lately, I can't cope with this tiring...",stress
"Honestly, Everything is very exhausting",stress
"Honestly, I have too much overwhelmed in my life to be honest.",stress
I feel pressured because of exams...,stress
"Lately, My workload is overwhelmed",stress
I feel exhausting because of exams,stress
I am feeling extremely overwhelmed,stress
I have too much demanding in my life right now.,stress
"Honestly, My workload is demanding",stress
Everything is very tiring,stress
"Honestly, I am dealing with stressed to be honest.",stress
"Honestly, My workload is stressed man.",stress
"Lately, I am dealing with exhausting...",stress
"Honestly, I am dealing with frustrating...",stress
"Honestly, I have too much pressured in my life man.",stress
"Lately, The pressure is tiring right now.",stress
Everything is very demanding man.,stress
I can't cope with this overwhelmed...,stress
"Lately, Everything is very pressured.",stress
I feel overwhelmed because of exams,stress
The pressure is frustrating,stress
Everything is very pressured.,stress
I am feeling extremely overwhelmed...,stress
My workload is frustrating,stress
I feel frustrating because of exams,stress
"Lately, I am dealing with pressured...",stress
I have too much burdened in my life...,stress
I am feeling extremely tiring,stress
"Honestly, I feel stressed because of exams",stress
I think The pressure is hectic man.,stress
My workload is demanding.,stress
"Lately, My workload is burdened",stress
I can't cope with this pressured right now.,stress
"Lately, My workload is demanding to be honest.",stress
I think The pressure is exhausting...,stress
I think I have too much overwhelmed in my life right now.,stress
"Lately, I can't cope with this stressed right now.",stress
The pressure is stressed...,stress
"Honestly, I have too much exhausting in my life.",stress
I can't cope with this pressured,stress
"Honestly, I am feeling extremely frustrating...",stress
I am feeling extremely hectic.,stress
"Lately, I have too much stressed in my life",stress
"Lately, I am dealing with demanding",stress
"Lately, The pressure is stressed man.",stress
I am dealing with hectic,stress
I am feeling extremely demanding right now.,stress
The pressure is exhausting...,stress
"Lately, I can't cope with this stressed",stress
I feel pressured because of exams,stress
Everything is very overwhelmed...,stress
I have too much burdened in my life...,stress
I am dealing with hectic right now.,stress
My workload is pressured right now.,stress
I am dealing with tiring man.,stress
I can't cope with this hectic right now.,stress
"Honestly, The pressure is overwhelmed to be honest.",stress
"Honestly, I am feeling extremely stressed.",stress
I think I am dealing with tiring.,stress
I can't cope with this frustrating.,stress
I am dealing with stressed man.,stress
"Lately, Everything is very burdened right now.",stress
My workload is hectic,stress
"Honestly, I feel pressured because of exams...",stress
"Honestly, I am feeling extremely stressed right now.",stress
I think Everything is very stressed...,stress
I think Everything is very demanding.,stress
I have too much stressed in my life to be honest.,stress
Everything is very stressed,stress
I think My workload is hectic right now.,stress
I have too much hectic in my life,stress
My workload is frustrating right now.,stress
"Honestly, My workload is exhausting...",stress
"Lately, I feel tiring because of exams man.",stress
I can't cope with this stressed,stress
"Honestly, My workload is tiring.",stress
I can't cope with this pressured,stress
I feel frustrating because of exams,stress
"Honestly, I feel pressured because of exams",stress
"Honestly, I am dealing with burdened man.",stress
I think The pressure is frustrating right now.,stress
I think My workload is pressured man.,stress
I feel overwhelmed because of exams...,stress
I can't cope with this overwhelmed...,stress
"Honestly, I have too much burdened in my life to be honest.",stress
"Honestly, My workload is stressed",stress
My workload is pressured...,stress
The pressure is burdened.,stress
I am dealing with stressed right now.,stress
I am feeling extremely pressured,stress
"Lately, I am dealing with exhausting to be honest.",stress
I am dealing with hectic to be honest.,stress
My workload is demanding.,stress
"Lately, I am dealing with stressed...",stress
I think I feel burdened because of exams man.,stress
"Honestly, I feel demanding because of exams to be honest.",stress
"Lately, I can't cope with this overwhelmed right now.",stress
Everything is very pressured man.,stress
Everything is very overwhelmed man.,stress
"Honestly, Everything is very burdened",stress
I think I have too much frustrating in my life.,stress
"Honestly, I am dealing with overwhelmed man.",stress
"Lately, I have too much stressed in my life to be honest.",stress
"Honestly, I have too much pressured in my life man.",stress
"Lately, Everything is very tiring.",stress
"Honestly, I am feeling extremely demanding",stress
"Lately, Everything is very tiring",stress
The pressure is overwhelmed,stress
I think I feel stressed because of exams...,stress
"Lately, The pressure is exhausting to be honest.",stress
"Honestly, My workload is exhausting...",stress
I think The pressure is demanding to be honest.,stress
The pressure is hectic man.,stress
"Honestly, I can't cope with this overwhelmed",stress
I think I am dealing with pressured man.,stress
"Honestly, I am feeling extremely demanding",stress
I feel pressured because of exams,stress
I can't cope with this stressed man.,stress
"Honestly, I have too much overwhelmed in my life",stress
I am dealing with stressed.,stress
I am dealing with exhausting,stress
I am dealing with hectic...,stress
"Lately, I am feeling extremely demanding man.",stress
"Lately, The pressure is demanding man.",stress
I am feeling extremely stressed...,stress
I can't cope with this demanding...,stress
"Lately, I am feeling extremely tiring...",stress
"Honestly, I am feeling extremely stressed",stress
I am dealing with exhausting.,stress
"Honestly, Things are good right now.",normal
Everything is content right now.,normal
"Honestly, I am feeling fine and relaxed.",normal
I am feeling okay and relaxed,normal
I am quite fine right now,normal
Things are positive.,normal
I am quite peaceful right now...,normal
I feel calm today...,normal
I think Things are fine man.,normal
Everything is fine...,normal
Life is cheerful...,normal
Things are peaceful man.,normal
"Honestly, Life is content.",normal
Things are fine,normal
Life is peaceful,normal
I am feeling okay and relaxed,normal
"Lately, I am feeling cheerful and relaxed to be honest.",normal
"Lately, Everything is happy...",normal
Everything is positive...,normal
"Honestly, I feel good today to be honest.",normal
"Lately, Everything is fine man.",normal
"Lately, I am feeling positive and relaxed.",normal
I am quite cheerful right now...,normal
Things are cheerful,normal
Everything is positive right now.,normal
Everything is positive man.,normal
"Lately, I am feeling calm and relaxed.",normal
I am quite fine right now right now.,normal
I am feeling fine and relaxed,normal
I feel great today,normal
"Lately, Life is happy",normal
"Lately, Life is great to be honest.",normal
"Honestly, I am quite good right now",normal
I feel peaceful today to be honest.,normal
Life is great...,normal
"Honestly, I am quite fine right now man.",normal
I think I am feeling content and relaxed.,normal
Things are calm right now.,normal
"Honestly, I am feeling happy and relaxed...",normal
I am quite happy right now.,normal
I feel happy today to be honest.,normal
I feel happy today...,normal
"Honestly, Life is positive to be honest.",normal
I am quite calm right now.,normal
Life is great man.,normal
I think Everything is happy right now.,normal
"Lately, I am feeling content and relaxed.",normal
"Lately, Life is content",normal
I feel good today,normal
"Honestly, Things are content man.",normal
I think I am feeling fine and relaxed right now.,normal
I think I am quite calm right now,normal
I am feeling content and relaxed right now.,normal
"Lately, I feel happy today",normal
Life is fine.,normal
I am quite happy right now to be honest.,normal
"Honestly, Everything is happy",normal
"Lately, I feel good today",normal
I am feeling positive and relaxed.,normal
"Lately, Life is peaceful...",normal
I think I am quite content right now,normal
Things are okay,normal
Everything is happy.,normal
Everything is calm to be honest.,normal
"Honestly, I am quite cheerful right now man.",normal
"Honestly, Life is good...",normal
I think I am quite positive right now right now.,normal
Life is fine right now.,normal
"Honestly, Everything is okay",normal
I am quite positive right now...,normal
Things are positive right now.,normal
I am feeling cheerful and relaxed,normal
Everything is fine right now.,normal
I am feeling happy and relaxed.,normal
Everything is happy right now.,normal
I am quite okay right now.,normal
Everything is calm,normal
I think Everything is fine...,normal
I think Life is positive,normal
I am feeling positive and relaxed,normal
"Honestly, I feel cheerful today",normal
"Honestly, I feel okay today.",normal
I am quite good right now,normal
Everything is positive.,normal
I feel content today,normal
Life is cheerful...,normal
"Honestly, Life is good right now.",normal
I am quite happy right now,normal
Things are great man.,normal
I am quite content right now man.,normal
Everything is okay...,normal
"Lately, I feel fine today",normal
"Honestly, Things are fine",normal
Everything is fine to be honest.,normal
I think I am feeling good and relaxed right now.,normal
I think I am quite okay right now,normal
I think Things are great man.,normal
"Lately, I feel cheerful today",normal
I am quite okay right now.,normal
I am feeling positive and relaxed,normal
I am feeling calm and relaxed right now.,normal
Things are fine.,normal
Life is cheerful right now.,normal
I think I feel great today right now.,normal
"Lately, I feel okay today",normal
Life is calm.,normal
"Lately, I am quite calm right now...",normal
Life is good,normal
"Lately, Things are great.",normal
Life is positive,normal
"Honestly, Things are fine...",normal
I think I am feeling happy and relaxed right now.,normal
I am feeling positive and relaxed man.,normal
I think I am quite positive right now.,normal
"Honestly, Things are good right now.",normal
"Honestly, I am quite okay right now right now.",normal
"Honestly, Things are great...",normal
"Honestly, I feel okay today.",normal
"Honestly, Everything is okay right now.",normal
I am quite calm right now...,normal
I think Everything is fine to be honest.,normal
Life is cheerful,normal
I am quite good right now,normal
"Lately, I am feeling content and relaxed right now.",normal
Life is content to be honest.,normal
Everything is good to be honest.,normal
I am quite great right now...,normal
"Lately, Life is good",normal
"Lately, Everything is fine",normal
"Lately, Everything is peaceful man.",normal
I am quite calm right now,normal
Life is cheerful man.,normal
"Honestly, Everything is good.",normal
Things are fine...,normal
I think Life is positive,normal
I am quite happy right now,normal
I feel content today right now.,normal
I think Everything is good man.,normal
I think I feel happy today...,normal
"Honestly, I am feeling great and relaxed...",normal
I am feeling content and relaxed.,normal
Everything is cheerful.,normal
Things are great...,normal
Things are fine,normal
"Lately, Everything is great to be honest.",normal
I feel calm today to be honest.,normal
Everything is positive right now.,normal
I feel peaceful today right now.,normal
I am feeling content and relaxed,normal
I think I am feeling good and relaxed.,normal
"Lately, Things are positive.",normal
"Honestly, Life is fine",normal
I think I feel happy today.,normal
I think Things are positive right now.,normal
I am feeling calm and relaxed man.,normal
"Lately, Everything is peaceful",normal
"Honestly, Life is content man.",normal
I think Everything is cheerful...,normal
Everything is okay,normal
I am feeling great and relaxed,normal
Everything is content,normal
"Honestly, Everything is great to be honest.",normal
I am feeling great and relaxed to be honest.,normal
"Lately, Life is positive.",normal
"Honestly, I am feeling cheerful and relaxed...",normal
I am feeling positive and relaxed,normal
I think I am feeling okay and relaxed,normal
Everything is peaceful,normal
I am quite calm right now man.,normal
Everything is okay to be honest.,normal
Everything is fine...,normal
"Lately, I am quite good right now.",normal
I think Things are happy.,normal
Everything is fine man.,normal
I think I am quite calm right now,normal
Things are okay.,normal
"Lately, Life is happy...",normal
"Honestly, I am feeling good and relaxed right now.",normal
"Honestly, Life is okay",normal
Life is good man.,normal
Life is happy,normal
I think I feel great today to be honest.,normal
Things are happy,normal
I am quite good right now to be honest.,normal
"Honestly, Everything is content",normal
I think Everything is okay,normal
I feel great today.,normal
Everything is good right now.,normal
"Honestly, Things are cheerful man.",normal
"Honestly, Life is fine right now.",normal
"Honestly, I feel okay today...",normal
I am quite positive right now to be honest.,normal
"Lately, Life is okay to be honest.",normal
Things are calm...,normal
"Lately, Life is positive",normal
"Honestly, I feel cheerful today right now.",normal
I think I am quite content right now right now.,normal
"Honestly, I am feeling content and relaxed",normal
I think Things are calm.,normal
"Honestly, Life is peaceful",normal
I think Everything is fine,normal
Things are cheerful...,normal
Everything is peaceful right now.,normal
I think I feel great today right now.,normal
"Lately, I am feeling happy and relaxed man.",normal
"Honestly, Things are positive",normal
Life is happy.,normal
I think Things are peaceful man.,normal
"Honestly, I am feeling great and relaxed",normal
"Honestly, Everything is good.",normal
"Honestly, I feel fine today.",normal
I am feeling cheerful and relaxed,normal
I think I feel positive today,normal
Life is calm,normal
Things are fine right now.,normal
"Honestly, I feel peaceful today to be honest.",normal
Things are fine man.,normal
Life is okay right now.,normal
I think Things are great right now.,normal
Things are positive man.,normal
"Lately, Things are happy man.",normal
"Honestly, Everything is peaceful...",normal
Life is cheerful.,normal
"Honestly, I am quite cheerful right now",normal
Everything is fine...,normal
Everything is happy to be honest.,normal
Everything is positive to be honest.,normal
Everything is calm,normal
"Lately, I am feeling cheerful and relaxed...",normal
I think Life is positive right now.,normal
"Lately, I am quite happy right now...",normal
Things are calm to be honest.,normal
"Lately, Everything is great",normal
Life is good.,normal
"Honestly, I feel calm today man.",normal
"Lately, I am feeling fine and relaxed to be honest.",normal
I am feeling calm and relaxed to be honest.,normal
I think I feel cheerful today right now.,normal
I think I feel content today.,normal
"Lately, Everything is content to be honest.",normal
I am feeling content and relaxed...,normal
"Lately, Life is cheerful right now.",normal
Things are fine,normal
"Lately, I feel peaceful today to be honest.",normal
"Honestly, Life is good man.",normal
I am quite happy right now right now.,normal
"Lately, Everything is good",normal
I think I am feeling happy and relaxed...,normal
"Lately, I am quite great right now right now.",normal
Everything is calm man.,normal
"Honestly, Everything is great",normal
I am quite fine right now right now.,normal
I think I am feeling happy and relaxed.,normal
Things are peaceful to be honest.,normal
I feel peaceful today.,normal
Things are content,normal
I think I am quite content right now right now.,normal
Everything is good to be honest.,normal
I think Life is fine.,normal
I am feeling happy and relaxed man.,normal
I think Life is okay...,normal
I am feeling great and relaxed,normal
"Lately, I am feeling content and relaxed man.",normal
I am feeling peaceful and relaxed man.,normal
"Lately, Things are good to be honest.",normal
Things are content to be honest.,normal
I feel fine today to be honest.,normal
"Honestly, Everything is cheerful.",normal
"Honestly, I am quite fine right now right now.",normal
I think I am quite good right now man.,normal
I feel calm today to be honest.,normal
I am feeling calm and relaxed.,normal
I am feeling positive and relaxed.,normal
I think Things are great,normal
"Lately, Things are content",normal
I feel fine today...,normal
"Lately, I feel content today...",normal
"Lately, Things are peaceful...",normal
"Honestly, Life is content right now.",normal
I feel fine today right now.,normal
"Lately, Everything is positive",normal
I think I feel positive today,normal
I am feeling peaceful and relaxed.,normal
"Lately, Everything is calm man.",normal
Things are calm,normal
I am quite peaceful right now,normal
Everything is positive right now.,normal
I am feeling cheerful and relaxed.,normal
Everything is positive.,normal
I think I am feeling fine and relaxed right now.,normal
"Lately, I feel fine today.",normal
I think Everything is fine right now.,normal
"Lately, Everything is calm",normal
Things are peaceful,normal
I am feeling cheerful and relaxed right now.,normal
Things are okay,normal
"Lately, Things are great to be honest.",normal
"Lately, I feel peaceful today...",normal
"Lately, I am quite content right now right now.",normal
I am feeling okay and relaxed man.,normal
Things are content right now.,normal
I think Everything is fine right now.,normal
Everything is great man.,normal
I feel okay today.,normal
I feel okay today...,normal
"Honestly, Everything is happy man.",normal
Things are good...,normal
Things are cheerful to be honest.,normal
Life is cheerful.,normal
"Honestly, Life is content.",normal
"Lately, Things are content.",normal
I am quite peaceful right now.,normal
"Honestly, Everything is fine man.",normal
Things are calm,normal
I am quite fine right now,normal
Things are positive man.,normal
"Honestly, Things are good to be honest.",normal
"Lately, I am feeling good and relaxed.",normal
Life is happy to be honest.,normal
"Lately, Things are positive.",normal
Life is calm to be honest.,normal
"Honestly, I am quite great right now",normal
"Honestly, I am quite positive right now.",normal
I feel okay today,normal
"Honestly, Things are positive man.",normal
I think Life is cheerful,normal
Things are okay to be honest.,normal
Life is okay,normal
I am quite happy right now...,normal
"Lately, Things are calm",normal
Everything is happy,normal
I am feeling content and relaxed right now.,normal
I am feeling happy and relaxed,normal
"Lately, Things are cheerful...",normal
"Lately, I am feeling happy and relaxed to be honest.",normal
I think I feel good today...,normal
I feel great today...,normal
"Lately, I feel positive today",normal
I think Life is peaceful,normal
"Lately, Life is fine",normal
"Honestly, Everything is positive...",normal
Things are content to be honest.,normal
Things are content right now.,normal
Everything is fine to be honest.,normal
Things are content.,normal
I am feeling great and relaxed.,normal
I am quite calm right now...,normal
I am feeling peaceful and relaxed,normal
I think Everything is okay.,normal
Life is happy...,normal
I think Life is calm,normal
"Honestly, Everything is cheerful.",normal
I am quite good right now to be honest.,normal
I feel calm today man.,normal
"Honestly, Everything is positive man.",normal
Everything is good to be honest.,normal
"Honestly, Life is peaceful...",normal
Things are fine,normal
I feel peaceful today.,normal
"Lately, Life is great.",normal
"Honestly, Everything is positive...",normal
"Honestly, I feel cheerful today right now.",normal
I think I am quite okay right now,normal
"Lately, Everything is positive to be honest.",normal
"Lately, Things are peaceful",normal
Life is happy...,normal
"Honestly, Life is okay right now.",normal
I feel positive today,normal
Life is calm right now.,normal
"Lately, I am quite peaceful right now man.",normal
I think I feel cheerful today right now.,normal
"Lately, Life is good",normal
I think Things are okay man.,normal
"Lately, I am quite okay right now...",normal
"Lately, I am feeling content and relaxed",normal
"Honestly, I am feeling great and relaxed right now.",normal
"Lately, I am feeling content and relaxed",normal
Life is content right now.,normal
"Lately, Everything is cheerful",normal
I am feeling calm and relaxed,normal
Things are great,normal
I feel positive today,normal
"Lately, I feel fine today...",normal
Everything is okay...,normal
I think Life is content right now.,normal
"Honestly, Things are great right now.",normal
"Honestly, I am quite peaceful right now",normal
"Honestly, I am feeling cheerful and relaxed...",normal
"Honestly, I am feeling calm and relaxed",normal
I think I feel content today man.,normal
I think Things are happy.,normal
"Lately, I am quite okay right now right now.",normal
"Lately, Life is peaceful.",normal
Everything is calm right now.,normal
Things are calm man.,normal
"Lately, Things are content right now.",normal
"Lately, I feel calm today...",normal
I am feeling peaceful and relaxed man.,normal
"Honestly, I feel calm today",normal
Things are good,normal
